path,role,category,profile,format,bytes,width,height,sha256,status
assets/backgrounds/bg_crisis_scene_v1.png,source,background,,png,2371598,1536,1024,13fe380cc173ca29873b6e86de46b5d75b8570c5788349680318dbcd7a586ad0,source-preserved
assets/backgrounds/bg_dashboard_city_view_v1.png,source,background,,png,2357950,1536,1024,29c24844333edc85e4c94e9a995a42cddc109f8d76f54d3a855f5b1ef5a45d2f,source-preserved
assets/backgrounds/bg_diplomacy_room_v1.png,source,background,,png,2461989,1536,1024,498fdd914d6f2b059bd861897e237172997d88b62f9332a0146e137332416c15,source-preserved
assets/backgrounds/bg_economy_financial_center_v1.png,source,background,,png,2670357,1536,1024,a303e99e85206bed7c1f3621825446ae763fb324a46c6eb7fa3997f589fb8d76,source-preserved
assets/backgrounds/bg_election_room_v1.png,source,background,,png,2297188,1536,1024,dee213c78188dab239628291f2fddf20ff8d6e62c54f5d08df19639ad8be5360,source-preserved
assets/backgrounds/bg_global_map_v1.png,source,background,,png,2388350,1536,1024,6928a8d4ce913551c30b281379b51bc4e4a644607a29056e9efb79b08432c5a3,source-preserved
assets/backgrounds/bg_main_menu_presidential_office_v1.png,source,background,,png,2556637,1536,1024,7a566285f31ea2a83086bc5df778f751267db80ab52808244b88a3867a6200fd,source-preserved
assets/backgrounds/bg_military_command_center_v1.png,source,background,,png,2465183,1536,1024,a123ec38b7da4ab8e4167806b71e045b60521d833d5cd06c56cf584b3107b2df,source-preserved
assets/backgrounds/bg_parliament_v1.png,source,background,,png,2556426,1536,1024,c756e54a6066dc2ae0471f0b7c0ca850315214f32ae984454e7ccc031421c0d4,source-preserved
assets/backgrounds/bg_press_conference_stage_v1.png,source,background,,png,2171555,1536,1024,a8aa376e48c2f79d6ef1cca4eae4e6bcccb141609e7ac2cb2f5664cd8e1ec0ed,source-preserved
assets/characters/char_leader_latest_v1.png,source,character,,png,1829589,1254,1254,c613cb67ec53e458a2f1e2605ce950ffae3f578caf319b10be6c833846b70d65,source-preserved
assets/characters/char_leader_male_black_v1.png,source,character,,png,1928388,1254,1254,0685ccf08e24a29b19533fd2fbcda88f8635d580c40b600dc0fb19b1732adbb4,source-preserved
assets/characters/char_leader_male_elder_refined_v1.png,source,character,,png,1913971,1536,1024,43b8dae323f42b9a68aa518dbec80f773dc3598466c032a1cf5d61cd359990f5,source-preserved
assets/characters/char_leader_male_elder_v1.png,source,character,,png,2062346,1254,1254,ac4c0c49452b4f45ba225c2d1839654f885a53c1b62c96e02973014495a11dc0,source-preserved
assets/characters/char_leader_male_white_v1.png,source,character,,png,1993133,1254,1254,07e56b6d31fc34ea2e5d9da3921f747892747489c275bdc5292ddd46eef4299c,source-preserved
assets/icons/icon_set_v1.png,source,icon,,png,1799882,1921,819,8f8ba7021bae0e490d5680dff762512c5dbddc539a2d6571811ab42576c13d06,source-preserved
assets/pwa/apple-touch-icon-180.png,pwa,pwa,install,png,2826,180,180,ee7c6bfef6fa5cc87e072093a25cba73f52f12a911f77654003255cffdef6b3f,pwa-generated
assets/pwa/icon-128.png,pwa,pwa,install,png,1872,128,128,2c84649e4d9bacab849e0c176a43e479f5eea7943e8ddc3375becd3a7da0f05a,pwa-generated
assets/pwa/icon-192.png,pwa,pwa,install,png,3056,192,192,6acd421a7ff8f669de910740ce365c282d39ba8aa8ce16ddec048a2c35371533,pwa-generated
assets/pwa/icon-256.png,pwa,pwa,install,png,4265,256,256,4f960520c11b6e2cb1f206224486184f2463c8262b0ed4848cbabe3a783d0e37,pwa-generated
assets/pwa/icon-384.png,pwa,pwa,install,png,7571,384,384,1e66dc72a6aa9a1cae7255ef5d95c825975c4fe084408218bed2ecec6738dd73,pwa-generated
assets/pwa/icon-512.png,pwa,pwa,install,png,11528,512,512,0fa1397b4ea1d2a00050801046e51f1c170b9fbdefea1ce5943f7e65acda4f30,pwa-generated
assets/pwa/icon-64.png,pwa,pwa,install,png,967,64,64,9688bb41bf947260e5ccb280c4aecd71cf96d37f4ea30de376bfbae368fa00f8,pwa-generated
assets/pwa/icon-96.png,pwa,pwa,install,png,1374,96,96,c1b1b26348f6345f3667a70537825301f653cad7568bb9efc00b1ce1979b37fa,pwa-generated
assets/pwa/icon-maskable-512.png,pwa,pwa,install,png,11415,512,512,d79dc3055535e34d64438bd2720e55dd559d607640d18aef8810b546648fde18,pwa-generated
assets/pwa/screenshot-desktop-1280x720.png,pwa,pwa,install,png,55589,1280,720,8b9fdddc44a1c15a8a248c44fc652bd9fee57d873703c1c807efae33b3b4cb0e,pwa-generated
assets/pwa/screenshot-mobile-720x1280.png,pwa,pwa,install,png,63500,720,1280,dfed3ba8a2750d0317b44512a462822b87be82c790403cedf39b7c59a74dd4bc,pwa-generated
assets/pwa/splash-1170x2532.png,pwa,pwa,install,png,136430,1170,2532,1e9967561695650ecfe4aba63baa28f3d54b7caf9a2f669e38a57d254e139999,pwa-generated
assets/pwa/splash-1290x2796.png,pwa,pwa,install,png,166159,1290,2796,8e74060f1e49f34bab7dd9ba4635cc9dbfae952b5d1d96e67ea6e6fc421c5dfa,pwa-generated
assets/pwa/splash-1536x2048.png,pwa,pwa,install,png,158446,1536,2048,c66f6b0a6b2d714252cf446f7c808bea9b7db8c71150d6837c78cb8e6b6af667,pwa-generated
assets/pwa/splash-2048x1536.png,pwa,pwa,install,png,153931,2048,1536,056b6b90b88c400879d6463d1896da18d7b811aae39f1ce51871b94b73977935,pwa-generated
assets/pwa/splash-750x1334.png,pwa,pwa,install,png,69115,750,1334,71d69a3b700402cab39a6b8e95d0d56473c097ce7975832e4550853f5f4b81d4,pwa-generated
assets/runtime/backgrounds/bg_crisis_scene_v1--desktop.avif,runtime,background,desktop,avif,84431,1280,853,b74b417a546a71fab82bd2e95896d710e718910925b4dd968287919142e83985,optimized
assets/runtime/backgrounds/bg_crisis_scene_v1--desktop.webp,runtime,background,desktop,webp,136312,1280,853,d93519fafc1d30cf8396900f77850af1de9fc660d91a7df4009b6582400b57fa,optimized
assets/runtime/backgrounds/bg_crisis_scene_v1--mobile.avif,runtime,background,mobile,avif,51510,720,960,1f60130c675343ab3bef81417549cfade406124270ad768772fc0bac9a6bab09,optimized
assets/runtime/backgrounds/bg_crisis_scene_v1--mobile.webp,runtime,background,mobile,webp,83944,720,960,904ddae23fdb5457f35567b273da2c775d27fc0a89e6dafabc78f0608eada7e2,optimized
assets/runtime/backgrounds/bg_dashboard_city_view_v1--desktop.avif,runtime,background,desktop,avif,70858,1280,853,b5452a4259fc9f6ccb7cce3b01ca1cb153e9db3049e4ba4a2079fad04df6875f,optimized
assets/runtime/backgrounds/bg_dashboard_city_view_v1--desktop.webp,runtime,background,desktop,webp,126004,1280,853,f57227b675d6d6487cbd2c422f82233aef7d0d4cb023dd97bc4036ae7fd7294c,optimized
assets/runtime/backgrounds/bg_dashboard_city_view_v1--mobile.avif,runtime,background,mobile,avif,39650,720,960,b86f282d0a89c16863d889a5105fbb45c8ff06fe61937bc84f072eb217abace3,optimized
assets/runtime/backgrounds/bg_dashboard_city_view_v1--mobile.webp,runtime,background,mobile,webp,73446,720,960,65668c42bf85cb43d685c28e9f4a4a429e5839dd370e5b1331af20b478da229b,optimized
assets/runtime/backgrounds/bg_diplomacy_room_v1--desktop.avif,runtime,background,desktop,avif,81474,1280,853,ed9256c7504c5f94a8330014f16e8a37c9e4907a3eb875f5fbbbe195fc78e8a8,optimized
assets/runtime/backgrounds/bg_diplomacy_room_v1--desktop.webp,runtime,background,desktop,webp,145670,1280,853,5d8f114c152292f97405e76184508e1d0e57bfc7a76819caaa5af9686885d76c,optimized
assets/runtime/backgrounds/bg_diplomacy_room_v1--mobile.avif,runtime,background,mobile,avif,46693,720,960,5707238c923d0ce9e24387efc815acd969f050cde5409e1fafec9cb005ab1fc3,optimized
assets/runtime/backgrounds/bg_diplomacy_room_v1--mobile.webp,runtime,background,mobile,webp,85470,720,960,666b71879fd228cdfadf78e30b5898a92f2feef10e291c20a34158e81a685b63,optimized
assets/runtime/backgrounds/bg_economy_financial_center_v1--desktop.avif,runtime,background,desktop,avif,91772,1280,853,213564e16d4db9a861b4320ebd54703477326d4b73c9fd1b3f716cc292262317,optimized
assets/runtime/backgrounds/bg_economy_financial_center_v1--desktop.webp,runtime,background,desktop,webp,169824,1280,853,f48c1a6d523cd721a1a2e0f5d4769ebfbae2ad6b574dae0d17eb5d8df1f4caf9,optimized
assets/runtime/backgrounds/bg_economy_financial_center_v1--mobile.avif,runtime,background,mobile,avif,49286,720,960,16c0258c6c870dd5d3a5d26c66fde35a40b6946dd27fe06856ce6b8387c438ef,optimized
assets/runtime/backgrounds/bg_economy_financial_center_v1--mobile.webp,runtime,background,mobile,webp,94268,720,960,fbed7ae4dcd4ae1c4568b1cfa6bb6510e20dabf5bd4d876d7dc5bf7b69c15dfd,optimized
assets/runtime/backgrounds/bg_election_room_v1--desktop.avif,runtime,background,desktop,avif,88151,1280,853,6d2da9cbfb268309260dcf324a53f41b7bae4736d35844383fd5d83e6547afb3,optimized
assets/runtime/backgrounds/bg_election_room_v1--desktop.webp,runtime,background,desktop,webp,146024,1280,853,ad1c658a95c195f2cdf264dc287e1e939bebb19abcdb5f1986e14fd5b73bce82,optimized
assets/runtime/backgrounds/bg_election_room_v1--mobile.avif,runtime,background,mobile,avif,48122,720,960,fdaab3e80c54252ec73d3670f21bc6a050c1849ad5917239751317a4745644b9,optimized
assets/runtime/backgrounds/bg_election_room_v1--mobile.webp,runtime,background,mobile,webp,78904,720,960,a2abc71bc1122708ef7697d1d9863f6b3b822a50138d14da4304e302de6b6b47,optimized
assets/runtime/backgrounds/bg_global_map_v1--desktop.avif,runtime,background,desktop,avif,88968,1280,853,bb8e025090a9cf2353a376afa7f1b33a1530b9bedd8e97c20864102fce1a453f,optimized
assets/runtime/backgrounds/bg_global_map_v1--desktop.webp,runtime,background,desktop,webp,145590,1280,853,f684b54e89fb635cdd2a300bedf4bb434305d41aa754f2f4798e0b26cb0c9c85,optimized
assets/runtime/backgrounds/bg_global_map_v1--mobile.avif,runtime,background,mobile,avif,50759,720,960,1a5574871688dd0bbe3833de0c4933b3d9da14994165eca511e1ca1391a0ac42,optimized
assets/runtime/backgrounds/bg_global_map_v1--mobile.webp,runtime,background,mobile,webp,84416,720,960,cd50a5a91d65d16e63d3a9ff0da40762a0d8e40a27e928f3201fa2d98b956e82,optimized
assets/runtime/backgrounds/bg_main_menu_presidential_office_v1--desktop.avif,runtime,background,desktop,avif,82372,1280,853,9887499465ba986943ae1d16f3478095093d70f053461cb590b3ff66dd26c689,optimized
assets/runtime/backgrounds/bg_main_menu_presidential_office_v1--desktop.webp,runtime,background,desktop,webp,155748,1280,853,6354474f9f804e96d3a945d33de9cd7e48b0b814e93e36b69cc6af5b0c7b3bbc,optimized
assets/runtime/backgrounds/bg_main_menu_presidential_office_v1--mobile.avif,runtime,background,mobile,avif,44845,720,960,21b844cd5796f528653528a672e3dc9d5ff07c5f87cb374e74cde754a9c43f51,optimized
assets/runtime/backgrounds/bg_main_menu_presidential_office_v1--mobile.webp,runtime,background,mobile,webp,86896,720,960,2acd3355efb41262f19d50631a600e6ccbdf490e66bd283023e6e0372f28ea8e,optimized
assets/runtime/backgrounds/bg_military_command_center_v1--desktop.avif,runtime,background,desktop,avif,79965,1280,853,76c63e53aa78e673b933781d7bf24d0b31652fb0e3f1e5e7aa90881202d9956b,optimized
assets/runtime/backgrounds/bg_military_command_center_v1--desktop.webp,runtime,background,desktop,webp,138020,1280,853,1429fd5ad5abc058d0a6e3763f1f21e6a312ae353e7712f68165df5daa6637e3,optimized
assets/runtime/backgrounds/bg_military_command_center_v1--mobile.avif,runtime,background,mobile,avif,41346,720,960,852123b078c356758b9d943d332b6be9da3a79398aecc012991493f14f9400d0,optimized
assets/runtime/backgrounds/bg_military_command_center_v1--mobile.webp,runtime,background,mobile,webp,72204,720,960,36f52ae899d369196221eb9e8545164845ee6ce6a37bd45edc7c1cdb98726c08,optimized
assets/runtime/backgrounds/bg_parliament_v1--desktop.avif,runtime,background,desktop,avif,98590,1280,853,28a237ccdccb7091e0bb0227b7e7539fe280063eb725fdfd877923ae732c97af,optimized
assets/runtime/backgrounds/bg_parliament_v1--desktop.webp,runtime,background,desktop,webp,176416,1280,853,f29600c56d8dd96144aecf489129cf7b98c9c1614613c6b7cc0ed97b6308b030,optimized
assets/runtime/backgrounds/bg_parliament_v1--mobile.avif,runtime,background,mobile,avif,58210,720,960,eeaa4b8d0dcd618cf2a7760d77068df266223f33a5e073fbcd7abd6e8c003666,optimized
assets/runtime/backgrounds/bg_parliament_v1--mobile.webp,runtime,background,mobile,webp,110056,720,960,e8849ab2853af7e04d4c4eaa347c2bb2c4325b7abdcdcc583665a76e722987fe,optimized
assets/runtime/backgrounds/bg_press_conference_stage_v1--desktop.avif,runtime,background,desktop,avif,67766,1280,853,92da9e90632c26e09bf860d27113eb0a66b957dc87732af15a00639bde914762,optimized
assets/runtime/backgrounds/bg_press_conference_stage_v1--desktop.webp,runtime,background,desktop,webp,110548,1280,853,fc627c3e36e30812be0a9173da90103a9695ffce6be58ebf1302ff903e074ade,optimized
assets/runtime/backgrounds/bg_press_conference_stage_v1--mobile.avif,runtime,background,mobile,avif,41316,720,960,a8cd421f8410439492f3856c51cb4315ef9b17d75fc2930a8b1acedad92e0e0c,optimized
assets/runtime/backgrounds/bg_press_conference_stage_v1--mobile.webp,runtime,background,mobile,webp,71534,720,960,07f2c10f945af962b95fff9691cc79f087408896fd2bd421383f2c2580da4ec7,optimized
assets/runtime/cards/card_diplomacy_v1--card.avif,runtime,card,card,avif,23501,768,512,588a731d26338d5e4c58dd5d785c90470f858efd56b2b5403dfce135e316aa60,optimized
assets/runtime/cards/card_diplomacy_v1--card.webp,runtime,card,card,webp,39504,768,512,e38169fe0b809a12576de1a0c044cd5aa945390e1eb51df3c8d38fa38020a830,optimized
assets/runtime/cards/card_economy_v1--card.avif,runtime,card,card,avif,15546,768,512,6e2b9ff347e100f98273f9138d44abd359b2eb22730f7528e4a7e8153c4ca48f,optimized
assets/runtime/cards/card_economy_v1--card.webp,runtime,card,card,webp,25824,768,512,c2a90acb44e5a6f404c0a97aee4e19e7272e6a4a7bf8a457084a5ea025006dbf,optimized
assets/runtime/cards/card_government_v1--card.avif,runtime,card,card,avif,25783,768,512,46234fa66d6bda6866716adf7661229cb2456adf9511be65f79ec26c34ef9e76,optimized
assets/runtime/cards/card_government_v1--card.webp,runtime,card,card,webp,44766,768,512,9c3632d6251d2ef38a975628d2c169554acfa3011a31ce9d17d71c52247eb6f1,optimized
assets/runtime/cards/card_intelligence_v1--card.avif,runtime,card,card,avif,25704,768,512,a45bb93249f7935a341032df38a2e07426b5fa5e7587d51a524a0d71b5ab2a1f,optimized
assets/runtime/cards/card_intelligence_v1--card.webp,runtime,card,card,webp,44830,768,512,2f674adcd22c02f8cc1f25db409c9250eac03b3eeda44eb68f7ef5d15cd40086,optimized
assets/runtime/cards/card_military_v1--card.avif,runtime,card,card,avif,23091,768,512,f576521a42c8f1ad443c6511d62b483abdcaf9c62d42f46d162f154a316ddb13,optimized
assets/runtime/cards/card_military_v1--card.webp,runtime,card,card,webp,39458,768,512,f11a31e46386ccd380d1e20c344ae4843148d7cf990d51e126d301f3a3c939b8,optimized
assets/runtime/cards/card_projects_v1--card.avif,runtime,card,card,avif,28580,768,512,cff9d7eda92f36c427e003f889814d632124db804918729cab06ed5fc1932d37,optimized
assets/runtime/cards/card_projects_v1--card.webp,runtime,card,card,webp,48108,768,512,6c3d875999e410f04f915f294faf023a32d183e9fa1fdf14ebc8eb62ae95dd6f,optimized
assets/runtime/characters/char_leader_latest_v1--display.avif,runtime,character,display,avif,15419,640,640,9fade975e58b3877eb1c804353512bf8e48fc709af4d4f023b66fa12f9f811d4,optimized
assets/runtime/characters/char_leader_latest_v1--display.webp,runtime,character,display,webp,20576,640,640,21fc7494d0bd837f3a7e3ceb9d117d5937daf0f399eaccc42a8eb5def1bbac48,optimized
assets/runtime/characters/char_leader_latest_v1--thumb.avif,runtime,character,thumb,avif,4971,320,320,714f40a5935a9a32c7211d1f0a4e23bf8b4dc0d44636c130375af935bfadbe99,optimized
assets/runtime/characters/char_leader_latest_v1--thumb.webp,runtime,character,thumb,webp,6624,320,320,e8337fbe998557e403db5760cfeaf27dea5789a552ef872591fc6721c279bf3c,optimized
assets/runtime/characters/char_leader_male_black_v1--display.avif,runtime,character,display,avif,13082,640,640,55895ff239efe89d80b8b25d2ebbdc1bc127177f66783235d85898e9a9cf5c74,optimized
assets/runtime/characters/char_leader_male_black_v1--display.webp,runtime,character,display,webp,19332,640,640,82f3b0d085069d89bd30329b051aa5fc8827247a0f1a1ef84ff6483d08b75890,optimized
assets/runtime/characters/char_leader_male_black_v1--thumb.avif,runtime,character,thumb,avif,4140,320,320,74471c8de3b1c04068afb03c66586e7562d6b36ecf5eaac04bb0b7f7acfde7a8,optimized
assets/runtime/characters/char_leader_male_black_v1--thumb.webp,runtime,character,thumb,webp,5670,320,320,820941d3cc8bca93b7015a059ab7984266f056759799397f256437aea77938dd,optimized
assets/runtime/characters/char_leader_male_elder_refined_v1--display.avif,runtime,character,display,avif,14142,640,640,ffc127c8758a572706bb35c92345a9ded796a9dc3e79f537ad24489065a9df78,optimized
assets/runtime/characters/char_leader_male_elder_refined_v1--display.webp,runtime,character,display,webp,21476,640,640,d5baac87d03fb69b3c37595d9a0423f73b3540713c7ff80a6bed9e2f24c43ef9,optimized
assets/runtime/characters/char_leader_male_elder_refined_v1--thumb.avif,runtime,character,thumb,avif,4666,320,320,9b0e410403e62283c91c560ebb72a01d43296c95a0871c840289f2cb29d93238,optimized
assets/runtime/characters/char_leader_male_elder_refined_v1--thumb.webp,runtime,character,thumb,webp,6522,320,320,809ce909e56f49cee942e4f062459c229c6d68ad70e5585b67f9582c37a43cba,optimized
assets/runtime/characters/char_leader_male_elder_v1--display.avif,runtime,character,display,avif,15372,640,640,e252b064a22a6e5a667726184fbd68b144ce8f789d0865f1f4d78709cb1f8c68,optimized
assets/runtime/characters/char_leader_male_elder_v1--display.webp,runtime,character,display,webp,24108,640,640,7ebc0079bee02ca092002409fd155ff1ed5ec586a484980c8b29dee44cdd45a0,optimized
assets/runtime/characters/char_leader_male_elder_v1--thumb.avif,runtime,character,thumb,avif,4938,320,320,b0bcee4c0f28a8d601e4abc1cecd13fbf75d69897d426c3cbda14e181a6c9902,optimized
assets/runtime/characters/char_leader_male_elder_v1--thumb.webp,runtime,character,thumb,webp,7080,320,320,35f048ff1af461ccbdc4575e344b151710184e5d5868a3d19468f49576e2c6da,optimized
assets/runtime/characters/char_leader_male_white_v1--display.avif,runtime,character,display,avif,14787,640,640,f562cd432d0257b0255283563802f5e2276e7b361fd322fda5cfd1eeb168ed92,optimized
assets/runtime/characters/char_leader_male_white_v1--display.webp,runtime,character,display,webp,23458,640,640,7a92afa36a145237b51229a8f809ad48691045ee9ea14f7073da7e8b215eaf40,optimized
assets/runtime/characters/char_leader_male_white_v1--thumb.avif,runtime,character,thumb,avif,5226,320,320,d6d379c680f24653a90c8fcd7e584c1a013598ae4d63095249263c1cd76a9c3a,optimized
assets/runtime/characters/char_leader_male_white_v1--thumb.webp,runtime,character,thumb,webp,7524,320,320,e7301330074e02f794094ecffdae7aa50a3be31a7c7d60dd1b8378eeb220c5d5,optimized
assets/runtime/icons/icon_set_v1--ui.avif,runtime,icon,ui,avif,29698,960,409,66b37260dd240b132dda8fdd2392969dd8f368e35ee97cdd6c357685ed4489fd,optimized
assets/runtime/icons/icon_set_v1--ui.webp,runtime,icon,ui,webp,62110,960,409,0d6107c43c7d1b4fb23790dc4828d19875733cd5f0dae5a5d887ecf26b1b419f,optimized
assets/runtime/parties/party_mdb_card_v1--party.avif,runtime,party,party,avif,4462,360,336,b991c37c0c6e8848d35bbe88ca4dcf46a4b6c5c9bbf2684d7233abd669bf5151,optimized
assets/runtime/parties/party_mdb_card_v1--party.webp,runtime,party,party,webp,8480,360,336,65af961e29d49b0291c7d66a9c770e3a78fffb12b64c8fb7a76fee20dc5c542f,optimized
assets/runtime/parties/party_novo_card_v1--party.avif,runtime,party,party,avif,3955,360,336,eee665137bc8d1190c6e38279270c4504b933ece3df2ab92c1e38888dc6083c8,optimized
assets/runtime/parties/party_novo_card_v1--party.webp,runtime,party,party,webp,7700,360,336,058bfd1a84670884d78294d88b838164ecbc9d5b7a8a17de980fcb5e9609a01b,optimized
assets/runtime/parties/party_pl_card_v1--party.avif,runtime,party,party,avif,4250,360,336,feb071a7a2f5fe146143ab2729c5ab860275569349161b84211c22e87ca78416,optimized
assets/runtime/parties/party_pl_card_v1--party.webp,runtime,party,party,webp,7812,360,336,6a74b55ab014d3b61a1c15cc81b99eab45da9d185674f12fd98499df037cdfad,optimized
assets/runtime/parties/party_pp_card_v1--party.avif,runtime,party,party,avif,3479,360,336,39768dc49739f4ff50d53c5ce61ef2dcf8d5a2607cb8e64ae39e4a3b92a80d92,optimized
assets/runtime/parties/party_pp_card_v1--party.webp,runtime,party,party,webp,6000,360,336,48ea812178926b60b4e126688f34041b2873c798a997a20c929836d69a134bcf,optimized
assets/runtime/parties/party_psb_card_v1--party.avif,runtime,party,party,avif,4848,360,336,c9f5f5494f626f78ae1488bab698e2d84834f2538fbcedbbac809fc1df399e3c,optimized
assets/runtime/parties/party_psb_card_v1--party.webp,runtime,party,party,webp,8590,360,336,4fe454643cdbb6633b9759869fe7e27ccd1c778030a5617488aac5f208add438,optimized
assets/runtime/parties/party_psd_card_v1--party.avif,runtime,party,party,avif,4043,360,336,b50e2c32a9dfc55e1e1d20c383575657f5fcc224e17fb112d69a8df63f069c45,optimized
assets/runtime/parties/party_psd_card_v1--party.webp,runtime,party,party,webp,6712,360,336,66295cbf6c79d25b0b9e9d9d5a097f4f1c6a1847d791041b3ac9402028aed3c8,optimized
assets/runtime/parties/party_psdb_card_v1--party.avif,runtime,party,party,avif,5132,360,336,5381c60a8ae7952537be17421f902ec1931754c23fb0a518c98a76d3d95d294a,optimized
assets/runtime/parties/party_psdb_card_v1--party.webp,runtime,party,party,webp,8908,360,336,8c150d4c8bc9c6bf949cd691f170d550a6eb3750c24025c50addc07673569d93,optimized
assets/runtime/parties/party_psol_card_v1--party.avif,runtime,party,party,avif,4910,360,336,58e1e679c2888d064cacfbc3068168dc1c1009f61cecc8230503a842bf889c5e,optimized
assets/runtime/parties/party_psol_card_v1--party.webp,runtime,party,party,webp,7724,360,336,d899e2852c494dc19a7eae0273802a120615030a224fb8de68fde4fa22486749,optimized
assets/runtime/parties/party_pt_card_v1--party.avif,runtime,party,party,avif,4104,360,336,42baa07cf3053684b439836e74ddc6d6ce43bf5a92ff9a0ffb95b699f5f91860,optimized
assets/runtime/parties/party_pt_card_v1--party.webp,runtime,party,party,webp,7218,360,336,90a3f2243c10c69972f4c4b8b95ed6080ca562936275a2bf55a8e48242208de9,optimized
assets/runtime/parties/party_pv_card_v1--party.avif,runtime,party,party,avif,3879,360,336,b4ece0ea56537419a2b1fd71b5e75c008d3a8d0ba2c348fe99644fcad24bcbb5,optimized
assets/runtime/parties/party_pv_card_v1--party.webp,runtime,party,party,webp,6430,360,336,c4f60bd6770f9df5af0d45c9237c01ee86628c0540dcc3a25236606b12c37e22,optimized
assets/runtime/parties/party_republicanos_card_v1--party.avif,runtime,party,party,avif,5992,360,336,02aab7b69b518525fa50d0c7412459e74b1797696ad5a565838ba48c49b5adaa,optimized
assets/runtime/parties/party_republicanos_card_v1--party.webp,runtime,party,party,webp,11066,360,336,cf80dc6ae31dc7e45cf8485628e48fa6969e1322e621bc0ac555db181aa90360,optimized
assets/runtime/parties/party_uniao_card_v1--party.avif,runtime,party,party,avif,5906,360,336,7caa992c2d847d149f688e161bd793496f253b8158ad9ad5c3bccec2a419dba8,optimized
assets/runtime/parties/party_uniao_card_v1--party.webp,runtime,party,party,webp,11110,360,336,076063035b73118fa3171d707bb3da4f34b10ff6942ce2b97172487f9625b9d6,optimized
assets/ui/cards/card_diplomacy_v1.png,source,card,,png,1790724,1536,1024,7f0c248bbb14eb1ae935078c8e6baf312a7002549ddf16f1e8a767d608582a2e,source-preserved
assets/ui/cards/card_economy_v1.png,source,card,,png,1616384,1712,919,c8251e6f3a2e0f887441563be7afe4c2062bd4c41b462c2d7bc8499854d3445b,source-preserved
assets/ui/cards/card_government_v1.png,source,card,,png,1890642,1536,1024,5f546b36d00e6c1293d078d7863861f7902998175690ec212028322ab33cff6f,source-preserved
assets/ui/cards/card_intelligence_v1.png,source,card,,png,1916565,1536,1024,c9a8b837613461f7a701c914be27964aab0643b9fd2b308cd365652c384ea846,source-preserved
assets/ui/cards/card_military_v1.png,source,card,,png,1773935,1523,1032,e26bccfb0eb8ee85f95713798569af969a2e7a3df21fec0dec9d067757fc9948,source-preserved
assets/ui/cards/card_projects_v1.png,source,card,,png,1984280,1536,1024,9a4ccfc155fc623a21217fceabafef52589c6efae98f0447116afd9757b828ac,source-preserved
assets/ui/parties/party_mdb_card_v1.png,source,party,,png,81893,294,274,58a4735a37d0686b756a9397d8a792a7d4a53c9fd690ad64ec53d9198eb8bacd,source-preserved
assets/ui/parties/party_novo_card_v1.png,source,party,,png,81181,294,274,5dbccca735c6bd1018d9a98e506af41c4c660249d32429d3bcb8eac0a8426903,source-preserved
assets/ui/parties/party_pl_card_v1.png,source,party,,png,80018,294,274,8b0b05cf28bee52fe08a528503b960d96ab1f22ef7862c99ae60604aa8a196e7,source-preserved
assets/ui/parties/party_pp_card_v1.png,source,party,,png,75855,294,274,9575d79d363eb711c149563da2729654ba1fa746735c3269f7041c7c7d5a035c,source-preserved
assets/ui/parties/party_psb_card_v1.png,source,party,,png,83873,294,274,f92939b74571d1b416908840549b8d8168d4bf6a5ed2e061fa3184324081a939,source-preserved
assets/ui/parties/party_psd_card_v1.png,source,party,,png,77085,294,274,53bcedc8d82697c6b2df63d3b5f019cf4dc0f98de8217cb99c8af8c31072e7ca,source-preserved
assets/ui/parties/party_psdb_card_v1.png,source,party,,png,86388,294,274,1a25787068689469581cff25e50c7169986a8a666e8678e55454be8c2696e994,source-preserved
assets/ui/parties/party_psol_card_v1.png,source,party,,png,85344,294,274,2bcd5ae237f51f78f22020f72365506a546298c3ffbede504c15d7f9c3d3764e,source-preserved
assets/ui/parties/party_pt_card_v1.png,source,party,,png,79805,294,274,c801a8effd9fee5a04b4b5226c56bd3dded3dd6dcd27aa4123cfc1b85c5c15c1,source-preserved
assets/ui/parties/party_pv_card_v1.png,source,party,,png,79700,294,274,7ad6d4aa2e5364d4a2249c18322d5875d9301085706f5fb9b30575b60a6f7e70,source-preserved
assets/ui/parties/party_republicanos_card_v1.png,source,party,,png,91732,294,274,fbb763fa5ed90f26f92ee05d0c6957ccd27b40a1c4e63e7ceffcfc01adff0044,source-preserved
assets/ui/parties/party_uniao_card_v1.png,source,party,,png,94251,294,274,a89ac0eb3583d304493554605671909a4b0de9f464062aaf4c78b305f6335dd1,source-preserved
assets/audio/diplografik_theme_v1.mp3,source,audio,theme,mp3,4592670,,,e03bb707127e7ded478de846d524bdbe0bd21dde621722246432e5f1cc4001a7,source-preserved
